Video ID,Title,Duration,Uploaded Date,Views,Likes,Dislikes,Comments,Shares,Keywords
EU7jwhplR2k,BMW BERLIN-MARATHON 2023: A Day to Remember | adidas,0:00:32,2023-10-03T08:22:05Z,405,30,N/A,0,0,"adidas, Berlin marathon 2023, running, running 5K, running race, running competition, adidas Running, running half marathon, running marathon, running motivation, running 10K, running workout, running inspiration, marathon training, marathon teaser, running fitness, adidas running"
N_c1p-k9-_c,From Unknown to Unstoppable: Gerda Steyn's Legacy | adidas,0:01:49,2023-09-29T16:00:16Z,1379,59,N/A,4,0,"adidas, gerda steyn, gerda steyn 2023 comrades, gerda steyn 2023 two oceans, gerda steyn 2023, gerda steyn training, gerda steyn comrades, gerda steyn interview, gerda steyn two oceans, ultra marathon, ultra runner, south african athlete, adidas running, gerda steyn age, gerda steyn training program, ultra marathon training, trail running, running, gerda steyn instagram, gerda steyn biography"
GAZgqfAyXI0,Come with me on a 15k | adidas,0:00:44,2023-09-28T14:00:16Z,1224,62,N/A,2,0,"adidas, running, running music, running a marathon, running a 10k, running a 15k, adidas running, running motivation, running warm up, running benefits, runners, running groups, best running music, music for running, running tips, running motivation music, running training, running music mix, best running music motivation 2022, music running, how to start running"
iXkQbs3vwbE,Bringing adidas nails to life,0:00:31,2023-09-24T16:00:28Z,1939,81,N/A,1,0,"adidas, nail art, easy nail art, nail art compilation, nail art 2023, simple nail art, nail art ideas, nail art design, nail art designs, new nail art, diy nails, simple nail art designs at home, nails, how to file nails, round nails, perfect nails"
BvDyzw1B-K8,5 outfits to wear with adidas Sambas,0:01:00,2023-09-23T16:00:15Z,1844,66,N/A,1,0,"adidas, sambas, adidas samba, adidas samba og, how to, fashion tips, grwm, get ready with me, grwm first day of school, morning routine, first day of school grwm, outfit ideas, summer outfits, sneakers, best sneakers 2023, sneaker shopping, what to wear with samba, how to wear sambas, adidas sambas, adidas shoes"
Nth7iRVFzwI,Styling adidas Spezials for a festival vibe ‚ú®,0:00:14,2023-09-22T16:00:27Z,1690,83,N/A,1,0,"adidas, grwm, get ready with me, college grwm, school grwm, morning routine, senior year grwm, grwm for high school, grwm senior year, how to style, find your style, create authentic style, look expensive on a budget, how to look rich, a small wardrobe, inspiring personal style, style hacks, adidas spezials, sneakers, adidas originals, spezial, trainers, adidas gazelle indoor"
7ZwCzKMqPrY,India Cricket World Cup: 3 Ka Dream | adidas,0:02:22,2023-09-20T07:30:07Z,15576703,56331,N/A,2608,0,"adidas, adidas cricket, cricket world cup, india, india cricket, india cricket world cup, indian cricket highlights, indian cricket team, indian cricket news, indian cricket song, indian cricket, Rohit Sharma, Indian Cricket team jersey, Virat Kohli, adidas cricket world cup film, 3 ka dream, adidas ODI Jersey, adidas training kit, Raftaar, team india, cricket"
m4NkBxqxXX8,Bonded By Blood & The Black | adidas,0:00:19,2023-09-07T07:00:20Z,1193,80,N/A,0,0,"adidas, adidasRugby, Rugby, AllBlacks, BeaudenBarrett, bonded by blood, new zealand, new zealand rugby, all blacks rugby, all blacks highlights, rugby union"
F5PBK67mLho,Legacies Don‚Äôt End - They‚Äôre Passed On | adidas #shorts,0:00:19,2023-09-06T08:00:05Z,2027,111,N/A,0,0,"adidas, adidasRugby, Rugby, SamWhitelock, AllBlacks, all blacks rugby, rugby highlights, rugby league, all blacks highlights, new zealand, new zealand rugby"
WKWUJ--Y05A,This is New Rugby | adidas,0:01:00,2023-09-06T07:40:19Z,81165,504,N/A,0,0,"adidas, rugby, rugby world cup, rugy world cup 2023, rugby highlights, rugby world cup fantasy, rugby world cup preview, adidas rugby, antoine dupont, rw23, Romain Ntamack, Damian Penaud, Cameron Woki, Cyril Baille, paris"
_H8Z_bbuAjU,A Hometown Story - All Blacks Leagcy | adidas #Shorts,0:00:20,2023-09-05T07:30:15Z,832,64,N/A,0,0,"adidasRugby, Rugby, adidas, AaronSmith, adidas rugby boots, adidas rugby commercial, adidas rugby boots review"
2d-1ZrCmdCc,Pressure Is A Privilege For Sam Cane,0:00:23,2023-09-03T08:00:02Z,1010,76,N/A,0,0,"adidas, adidasRugby, Rugby, SamCane, sam cane, sam cane interview, sam cane highlights, all blacks, all blacks rugby, all blacks highlights, rugby highlights, rugby league"
MCiOL-AKva8,Caleb Clarke Is Writing His Own Story | adidas,0:00:33,2023-09-02T08:00:16Z,1489,88,N/A,0,0,"adidas, rugby, adidas rugby, caleb clarke, caleb clarke rugby, caleb clarke rugby new zealand, new zealand new kit, new zealand, new zealand rugby kit, all blacks, all blacks new kit, all blacks adidas, rugby union, new zealand rugby, rugby highlights"
r_rw9_wZtYA,The Positive Period Change  | adidas,0:00:21,2023-09-01T15:00:44Z,840,50,N/A,3,0,"adidas, period, period health, period pain, female health, stigma, health, female doctors, period education, women health, female menstruation, period cycle, female athletes"
6AeI6ZQeXQA,Changing Stigma Around Periods | adidas,0:00:22,2023-08-31T08:24:05Z,652,38,N/A,1,0,"adidas, period, periodhealth, periodpain, femalehealth, periodstigma, stigma, female, heath, femalesports, femaleathletes, femalemenstration, womenshealth"
6zYAwHMR-dE,Fan Reactions: FIFA‚Ñ¢ Women's World Cup Highlights | adidas,0:02:26,2023-08-23T15:00:10Z,11517,735,N/A,33,0,"adidas, fifa womens world cup, football fans, womens football, world cup, fifa women's world cup, soccer, football, premier league, fifa world cup, women's world cup, womens world cup, soccer fans go crazy, best football chants, soccer fans singing, england, fans, funny football, football funny moments, football tricks, football highlights, football goals, football skills, football fails, football news, adidas football, adidas commercial, adidas shoes"
04eglbzmYd0,Let's Make History Together | adidas #fifawwc,0:01:00,2023-08-21T15:01:05Z,7173,291,N/A,3,0,"adidas, adidas football, womens world cup, fifa world cup, fifa womens world cup, spain vs england, womens football, adidas commercial, adidas football ad, billy jean king, adidas billy jean king"
UFd7rN0yr-A,Remember My Name with Quanita Bobbs | adidas,0:01:42,2023-08-21T14:00:30Z,1235128,255,N/A,8,0,"adidas, Quanita Bobbs, south africa hockey, south africa hockey world cup, quanita bobbs hockey, adidas hockey, south africa sport, hockey, hockey captain"
D6BP5ETNrDU,Which Emoji Are You? #fifawwc Fan Edition | adidas,0:00:21,2023-08-21T13:09:22Z,1574,76,N/A,2,0,"adidas, womens world cup, fifa world cup, fifa womens world cup, fifa women's world cup 2023, fifa womens world cup final 2023 live, england vs spain, adidas world cup, which emoji are you, adidas football"
xRJHr5wIaRk,"Bienvenidos a Miami, Messi | adidas",0:03:03,2023-08-20T07:16:25Z,16854,760,N/A,34,0,"adidas, Miami, Messi, 305, soccer, mls, community, impossible is nothing, inter miami, leagues cup, Leo Messi, AFC, Argentina, pink smoke, la familia, stadio soccer, football, futbol, Just Ball League, south beach, drv pnk stadium, adidas football"
3wpgn9OJyto,Who‚Äôs More Likely To With Zia Cooke & Aliyah Boston | adidas,0:00:41,2023-08-17T19:30:00Z,3340,135,N/A,2,0,"adidas, who is more likely to, funny games, challenges, who is, likely to, basketball, adidas basketball, zia cooke, wnba"
JX4P7eKB2f4,Jenna Ortega Fully Lost In Women's World Cup | adidas,0:00:17,2023-08-09T13:04:38Z,17571,1169,N/A,36,0,"adidas, jenna ortega, jenna ortega interview, jenna ortega dance, jenna ortega edits, jenna ortega adidas, jenna ortega football, adidas football, womens world cup, world cup, fifa world cup, womens football, adidas commercial, adidas world cup, womens world cup 2023, jenna ortega wednesday, fifa women's world cup, jenna ortega funny interview, jenna ortega actress, jenna ortega funny, jenna ortega dancing"
6qrXH1IhUII,Ashley‚Äôs Dreams: One Day You‚Äôll Be Screaming Her Name | adidas,0:05:21,2023-08-06T07:55:00Z,12068,595,N/A,60,0,"adidas, womens world cup, world cup, football, adidas football, just ball league, US soccer league, us womens soccer, grassroots football, new york, los angeles, us soccer foundation, common goal, adidas commercial, womens world cup final, womens football, australia football, womens world cup 2023, fifa women's world cup, adidas world cup, soccer, world cup 2022, germany football, adidas world cup commercial, adidas futebol, fifa world cup"
ImoQUFCvF4k,The Untold Story Behind Drew League | adidas,0:01:01,2023-08-05T21:00:08Z,2405,163,N/A,5,0,"adidas, adidas Basketball, adidas Hoops, basketball, hoops, Los Angeles, LA, Drew League, the drew, California, pro am, street ball, James Harden, Damian Lillard, dunk, three pointer, game, sports, drew league, drew league 2023, drew league highlights"
MHxjjBtpL6k,World Cup Call Up Louis Hanson | adidas,0:01:24,2023-08-05T08:00:10Z,3591,132,N/A,0,0,"adidas, football, mary fowler, caitlin foord, louis.hanson, louis hanson, world cup, women's world cup, fifa women's world cup, fifawwc, soccer, footballers, soccer players, Australia, new Zealand, motivation, pep talk, pre-game motivation, whistle, dance, twerk, interview, adidas football"
zxd-y3Qh9VU,World Cup Call Up With GNOMEBOYS | adidas,0:01:45,2023-08-04T17:30:08Z,2827,80,N/A,6,0,"adidas, football, mary fowler, caitlin foord, gnomeboys, world cup, women's world cup, fifa women's world cup, fifawwc, soccer, footballers, soccer players, Australia, new Zealand, motivation, celebrations, goals, post goal celebration, team, dance, breakdance, interview, adidas football, adidas futebol"
4DHKwmhcdns,David Beckham Answers His Most Commonly Asked Questions | adidas,0:00:29,2023-08-03T17:18:34Z,3575,N/A,N/A,4,0,
Kq-jM-hyjSo,World Cup Call Up With Jacquie Alexander | adidas,0:01:45,2023-08-03T07:46:11Z,2727,88,N/A,7,0,"adidas, football, mary fowler, caitlin foord, jacquiealexander, Jacquie alexander, world cup, women's world cup, fifa women's world cup, fifawwc, soccer, footballers, soccer players, Australia, new Zealand, federation kits, adidas fed kits, fed jerseys, wales bonner, wales bonner Jamaica, Jamaica, Jamaica fed kit, Jamaica jersey, Japan jersey, Japan fed kit, Japan, Argentina, Argentina fed kit, Argentina jersey, interview, how to style a fed kit, how to style a soccer jersey"
MhNHLkUOSkU,Do You Know How Many Times a Pair of üçí Bounce During a Football Match?,0:00:24,2023-08-02T17:02:08Z,5591,N/A,N/A,7,0,
lvI5HyjXTCQ,From Balon Mundial to Goals4Girls - Changing Lives Through Football | adidas,0:08:50,2023-08-01T07:45:01Z,6439,383,N/A,0,0,"adidas, adidas football, adidas futebol, futbol, retos du futbol, motivational video, balon mundial, goals4goals, womens football, grassroots football, common goal, tony duggan, adidas collective"
VVKcdGTi30Q,World Cup Call Up with @beneemusic | adidas,0:01:40,2023-07-31T14:12:43Z,5668,128,N/A,0,0,"adidas, adidas commercial, adidas football, adidas womens world cup, benee, benee glitter, benee interview, benee supalonely, benee world cup, caitlin foord, fifa world cup, womens football world cup, womens world cup"
wVs9e6PIrqM,The Inspiring Collaboration: adidas Football Collective x Jamaica's Marley Family,0:00:36,2023-07-31T11:38:13Z,1820,105,N/A,1,0,"adidas, adidas football, banger racing 2023, bob marley, bob marley playing football, collective, let it die, roblox heat, unspeakable hide and seek on mars, womens football, womens world cup"
x9BMUWJK3qw,World Cup Call Up With @jasminseats  | adidas,0:01:35,2023-07-30T20:00:15Z,4609,94,N/A,12,0,"football, mary fowler, caitlin foord, jasminseats, jasmineats, jasmin weston, world cup, women's world cup, fifa women's world cup, fifawwc, soccer, footballers, soccer players, Australia, new Zealand, soccer food, snacks, interview, meat pie, chips, stadium food, stadium snacks, egg sandwich, sushi, adidas, adidas football"
mevMqcJUVdQ,The Untold Story of TRAE by Tim Young | adidas,0:01:23,2023-07-29T13:00:27Z,3203,158,N/A,0,0,"adidas, adidas basketball, trae young, trae young highlights, basketball edits, basketball diaries, trae young 3, trae young game winner, trae young hawks, trae young nba, trae young handle, trae young nutmeg, trae young atlanta hawks, nba, trae young interview, trae young shimmy, trae young playoffs, trae young podcast, nba highlights, nba playoffs, trae young atlanta"
6SxuuNJvM5U,From Bob Marley to Michell ‚Äì Exploring Grassroots Womens Football | adidas,0:10:42,2023-07-28T08:11:57Z,18961,997,N/A,48,0,"2023, adidas, adidas commercial, adidas football, adidas futebol, adidas top and basics of adidas topics, adidas world cup, azkals, bob marley, bob marley family, bob marley football, bob marley jamaica, drum roll please, kingston jamaica, on the ball, women's world cup, womens football, womens world cup, womens world cup 2023, world cup"
iPaFIsVcsZA,Candace Parker Talks About Designing Her Collection | adidas,0:01:10,2023-07-27T16:24:55Z,2494,113,N/A,9,0,"adidas, adidas basketball, basketball, nba, wnba, candace parker, candace parker highlights, candace parker interview, candace parker shoe, adidas shoes, adidas sneakers, designing clothes, designing sneakers, basketball shoes, basketball sneakers"
mCaQoZ46rYM,Remember My Name with Kholosa Biyana | adidas,0:01:49,2023-07-24T08:47:06Z,750879,300,N/A,18,0,"adidas, adidas women, Women, football, Kholosa Biyana, kholosa biyana football, Banyana Banyana, south africa, south african football, womens footbal, womens football, womens world cup, fifa world cup, south africa womens, Women‚Äôs Africa Cup of Nations"
n2_qHVnXfrs,Imane Sauod & EÃÅlodie Nakkach Take To The Streets of Morocco | adidas,0:00:37,2023-07-24T08:00:31Z,3051,162,N/A,6,0,"adidas, adidas commercial, adidas football, EÃÅlodie Nakkach, Imane Sauod, womens world cup, womens football, fifa world cup, womens football world cup, adidas fifa world cup, morocco football"
dL3CD030iA4,Keep Ups With Alessia Russo | adidas #shorts,0:00:09,2023-07-22T08:00:18Z,7696,340,N/A,3,0,"WWC, adidas, adidas commercial, adidas football, alessia russo, alessia russo arsenal, alessia russo goal, england women, fifa, football, keep ups, russo, russo world cup, soccer, womens football, womens world cup, –∞–¥–∏–¥–∞—Å, ÿßÿØŸäÿØÿßÿ≥, ‡§è‡§°‡•Ä‡§°‡§æ‡§∏, „Ç¢„Éá„Ç£„ÉÄ„Çπ"
hRHtX7Lhn2s,Get Ready With Hoyeon Jung | adidas,0:00:24,2023-07-21T12:00:40Z,4274,217,N/A,0,0,"adidas, hoyeon jung, adidas commercial, hoyeon, hoyeon jung runway, hoyeon jung interview, hoyeon jung the weeknd, hoyeon jung squid game, hoyeon jung adidas"
Bu5hmLI0CZw,Juega Hasta Que No Puedan Apartar La Mirada | adidas,0:00:30,2023-07-21T07:44:17Z,5433,212,N/A,12,0,"adidas, Jenni Hermoso, Athenea, Mundial, Copa del Mundo, Selecci√≥n espa√±ola, La Roja, Asensio, Laura Vizcaino, Adri Contreras, womens world cup, fifa, fifa world cup, womens football, adidas commercial, adidas football"
TCemQ4TP4uM,Áû¨„Åü„Çä„Å®„ÇÇ„ÄÅÁõÆ„ÅåÈõ¢„Åõ„Å™„ÅÑ | adidas,0:00:45,2023-07-20T02:00:20Z,7236,214,N/A,15,0,"adidas, FIFAWWC, FIFA, WorldCup, adidastokyo, adidasFootball, „Å™„Åß„Åó„Åì„Ç∏„É£„Éë„É≥, „ÉØ„Éº„É´„Éâ„Ç´„ÉÉ„Éó, Êó•Êú¨‰ª£Ë°®, Âí≤„ÅçË™á„Çå, „Çµ„ÉÉ„Ç´„Éº, Èï∑Ë∞∑Â∑ùÂîØ, Èï∑ÈáéÈ¢®Ëä±, Âπ≥Â∞æÁü•‰Ω≥, ÂÆÆÊæ§„Å≤„Å™„Åü, È´òÊ©ã„ÅØ„Å™, Ëó§Èáé„ÅÇ„Åä„Å∞, Japan, Yui Hasegawa, Fuka Nagano, Chika Hirao, Hinata Miyazawa, Hana Takahashi, womens world cup, womens football, fifa womens world cup, womens world cup 2023, world cup, adidas football, adidas commercial"
ErVsJDGyGM0,Perhaps Jenna Ortega Should Play Football? | adidas,0:00:17,2023-07-19T20:00:07Z,93199,6439,N/A,164,0,"adidas, adidas commercial, adidas football, jenna ortega, jenna ortega adidas, jenna ortega edits, jenna ortega football, jenna ortega interview, jenna ortega messi, jenna ortega skills, ÿ¨ŸäŸÜÿß ÿ£Ÿàÿ±ÿ™Ÿäÿ¨ÿß"
rNBYLvPLK_s,Paving Your Own Way with Lindsey Horan | adidas,0:00:48,2023-07-19T14:01:19Z,2951,154,N/A,4,0,"adidas, FIFA Womens World Cup, adidasFootball, football, soccer, USWNT, Lindsey Horan, midfielder, USA, adidas commercial, adidas football, lindsey horan, world cup, us soccer, lindsey horan highlights, lindsey horan interview"
Bp3Dfx433bo,Behind The Scenes | FIFA Women's World Cup‚Ñ¢ 2023 | Play Until They Can't Look Away | adidas,0:01:13,2023-07-19T08:00:06Z,7959,218,N/A,0,0,"adidas, FIFAWWC, womens world cup 2023, womens world cup, womens world cup final, fifa world cup, alessia russo, lena oberdorf, david beckham, jenna ortega, leon goretzka, ian wright, lionel messi, womens football, adidas football, adidas commercial, adidas world cup, mary fowler, play until they can't look away, soccer, germany football, australia football, england football"
0aPSJ60iu3Q,Knowing Who You Are With Trinity Rodman | adidas,0:00:46,2023-07-18T14:00:01Z,3577,188,N/A,0,0,"adidas, FIFA Womens World Cup, adidasFootball, football, soccer, USWNT, Trinity Rodman, forward, USA, adidas commercial, adidas football, trinity rodman, trinity rodman highlights, washington spirit"
ctabW410nZ4,V√•r Tid Nu (Our Time Now) | FIFA Women's World Cup 2023‚Ñ¢ | adidas,0:01:27,2023-07-18T08:46:57Z,4362,225,N/A,0,0,"adidas, adidas commercial, adidas football, v√•r tid √§r nu, sweden, swedish football, swedish football womens, womens football, fifa world cup, womens world cup, fifa womens world cup, ai, Football, Soccer, Sweden Women, Women's Football, SWEWNT, Stina Blackstenius, olivia schough, caroline seger"
4Znb1_z7kTs,Behind The All Blacks Jersey Design Pt. 2 | adidas,0:01:42,2023-07-14T09:54:21Z,5312,209,N/A,10,0,"adidas, Rugby, RWC, Jersey, sam cane, caleb clarke, aaron smith, beauden barrett, new zealand, new zealand kit, all blacks kit, all blacks kit adidas, adidas rugby, all blacks, designing kits, design kits, how do you make a kit, kits, fashion design in sport, rugby world cup, all blacks rugby world cup, rugby world cup 2023"
iLNZdPDb5ps,FIFA Women's World Cup 2023‚Ñ¢ | Play Until They Can't Look Away | adidas,0:00:30,2023-07-12T06:45:02Z,157139,2729,N/A,154,0,"adidas, FIFAWWC, womens world cup 2023, womens world cup, womens world cup final, fifa world cup, alessia russo, lena oberdorf, david beckham, jenna ortega, leon goretzka, ian wright, lionel messi, womens football, adidas football, adidas commercial, adidas world cup, mary fowler, play until they can't look away, soccer, germany football, australia football, england football"
qbCC5vsOfeY,"When Your Why Is Strong, The Work Never Stops | adidas",0:00:35,2023-07-07T19:00:24Z,2731,145,N/A,0,0,"adidas, james harden, james harden no. 7, james harden adidas, adidas basketball, basketball, basketball shoe, basketball sneakers, adidas sneakers, adidas basketball shoes, james harden highlights, james harden basketball shoes"
fvZIQ6MuoiM,How To Style A Jersey | adidas #shorts,0:01:00,2023-07-05T21:22:43Z,2723,109,N/A,0,0,"Football shirts, Jersey shirts, How to style, How to style jersey, adidas, Football fashion, How to wear a football top, Should I tuck my football top in, How to style a football top, What to wear with a football shirt, Football top, How to wear, football, Can I wear a football top with, retro football shirts, rare football shirts, classic football shirts, football shirt ronaldo, football shirts decide my team, football fashion 2"
Lq_jDPgDpu0,MINDFLY BODYCAM Highlights of adidas Eurocamp | adidas Basketball,0:08:15,2023-07-04T14:24:53Z,4036,177,N/A,19,0,"adidas, nba draft, nba highlights, nba youngboy, nba draft 2023, nba draft lottery, nba draft 2023 live, basketball, eurocamp basketball, eurocamp review, basketball draft, adidas basketball, body cam, bodycam, bodycam game, final four, belgrade 2018, euroleague, euroleague basketball, euroleague 2018, euroleague 2017-18, turkish airlines euroleague, First Vision, euroleague 360, european basketball, eurocup basketball"
_GNdWgg_B5A,Behind The All Blacks Jersey Design Pt. 1 | adidas,0:02:22,2023-07-04T07:00:13Z,6602,304,N/A,0,0,"adidas, Rugby, RWC, Jersey, sam cane, caleb clarke, aaron smith, beauden barrett, new zealand, new zealand kit, all blacks kit, all blacks kit adidas, adidas rugby, all blacks, designing kits, design kits, how do you make a kit, kits, fashion design in sport"
DWYzUdd4uRI,T-Shirt Launcher with Melanie Leupolz | adidas,0:00:26,2023-06-30T16:00:17Z,3874,124,N/A,0,0,"adidas, sportswear, adidas sportswear, melanie leupolz, germany, chelsea, german football, fan culture, sports fan, adidas jumper, adidas sneakers, adidas clothing, sports, in the moment, being in the moment, adidas football, ZNE, Z.N.E, chelsea fc, chelsea women, top 10"
20ykHu85viM,T-Shirt Launcher with Anthony Edwards | adidas #shorts,0:00:39,2023-06-28T16:00:02Z,1600,90,N/A,1,0,"adidas, sportswear, adidas sportswear, anthony edwards, football, basketball, NBA, Minnesota Timberwolves, fan culture, sports fan, adidas hoodie, adidas sneakers, adidas clothing, in the moment, being in the moment, adidas football, adidas basketball, Z.N.E, anthony edwards dunk, anthony edwards highlights"
QZ_zCBG-y4I,The All Blacks RWC 2023‚Ñ¢ Jersey Launch | adidas,0:01:00,2023-06-27T20:00:10Z,20799,1130,N/A,0,0,"adidas, adidas kit, adidas rugby, adidas rugby commercial, all black, all blacks, all blacks kit, all blacks rugby world cup, jersey reveal, kit launch, kit launch commercial, kit launch video, new kit, new zealand, new zealand kit, new zealand rugby, new zealand rugby world cup, rugby, rugby highlights, rugby union, rugby world cup, rugby world cup 2023, rugby world cup all black, rwc 2023, sports kit"
fmaDL25rq50,How To Clean Running Shoes | adidas,0:07:24,2023-06-27T08:18:45Z,20644,371,N/A,0,0,"adidas, clean shoes, how to clean shoes, cleaning shoes, how to clean sneakers, cleaning sneakers, trainer cleaning, how to clean white shoes, clean running shoes, running shoes, cleaning clothes"
DGr3V9A8wWM,Empowering London's Youth with Leanne Bates | adidas,0:02:49,2023-06-24T17:30:02Z,3363,123,N/A,24,0,"adidas, sport, adidas uk, adidas london, breaking barriers, impossible is nothing, street league, street football, london street football, london football, women in london, london female sport, british sport, london sports, gender equality london, inspiring stories in sport"
3a7aIPqP4qY,Turning MLS Superstars Into Marvel Superheroes | adidas,0:00:56,2023-06-22T18:00:01Z,1897,88,N/A,2,0,"adidas, adidas football, football, football kits, mls, marvel, marvel superhero, adidas football kits, mls football kits, mls kits, behind the scenes, marvel universe"
4XPkXXxIZ_A,Korfball Revolution: Jea's Impact in Spain| adidas,0:02:58,2023-06-21T16:30:01Z,3262,318,N/A,66,0,"adidas, sport, adidas sneakers, adidas shoes, adidas uk, adidas us, tennis adidas, adidas boost, la rotlana, women in sports, korfball, spanish sports, barcelona sports scene, spanish korfball, dominican republic korfball, athlete dominican republic, spanish athlete, korfball game"
2oI9XqmR3nk,How To Do a Lunge | adidas,0:04:45,2023-06-19T18:00:02Z,3861,121,N/A,N/A,0,"How do you properly lunge, How to do lunges with weights, Lunge Variations, Proper Lunge Form, Reverse Lunge with Dumbells, adidas, front foot elevated lunge, how to do a lunge, how to do lunges, lunge exercise, lunges, lunges for beginners, lunges workout, workout at home"
2lIb5rx7_bY,Mariella Trento: Let‚Äôs Break Barriers | adidas,0:03:16,2023-06-18T15:30:00Z,2520,82,N/A,5,0,"adidas, sport, adidas uk, adidas us, italian athlete, italian football, balon mundial, mundial, breaking barriers, adidas womens, women in sport, women in athlete, italian rugby player, italian sports, gender equality, sports empowerment, inspiring stories of athletes"
VmbaQgB9EzI,"December 18, 2022 ‚≠êÔ∏è‚≠êÔ∏è‚≠êÔ∏è | adidas",0:00:38,2023-06-18T13:23:13Z,9649,655,N/A,10,0,"adidas, adidas argentina, adidas basketball shoes, adidas messi, adidas youtube channel, argentina vs france penalty, argentina world cup 2022, argentina world cup final, fifa, fifa adidas world cup, fifa world cup, football, messi, messi argentina, messi world cup, messi world cup 2022, messi world cup 2022 final, world cup 2022, ÿßÿØŸäÿØÿßÿ≥, „Ç¢„Éá„Ç£„ÉÄ„Çπ"
RBL_rGIEvRY,Maymi Asgari: Let's Break Barriers | adidas,0:02:25,2023-06-16T16:00:30Z,3299,127,N/A,13,0,"GAME NGO, Maymi Asgari, adidas, adidas uk, athletes training, breaking barriers, danish nonprofit, equality in sport, equity programs, football advertisement, football freestyle, muslim athlete, muslim freestyler, sport, sports empowerment, tennis adidas, women athletes, women in sport, women world cup 2023, ÿßÿØŸäÿØÿßÿ≥, „Ç¢„Éá„Ç£„ÉÄ„Çπ"
KkN9qA86KgM,Why We Moved For The Planet | adidas,0:00:36,2023-06-14T18:18:19Z,3038,110,N/A,4,0,"adidas, adidas sustainability, cambodia, common goal, earth, move for the planet, planet, solar panels, sustainability, ÿßÿØŸäÿØÿßÿ≥"
aHwIpinNTNI,Why We Moved For The Planet | adidas,0:06:46,2023-06-14T14:00:08Z,5959,219,N/A,78,0,"adidas, common goal, adidas common goal, sport sustainability, sustainability sport, sustainability charity, sustainability education, adidas sustainability, education sport, adidas charity, adidas move for the planet, move for the planet, common goal football, cambodia charity, isf cambodia, isf cambodia charity, sophia li"
_R9uWNf7j6c,Let's Break Barriers | adidas,0:00:42,2023-06-12T09:38:14Z,8150,238,N/A,50,0,"Breaking Barriers, Let's Break Barriers, Women Sport, abibos, adidas, adidas advertisement, adidas commercial 2023, girls football, girls sports, more women than men, women empowerment, women sports, women's boxing, women's rugby, women's wrestling, womens football, womens sport, ÿßÿØŸäÿØÿßÿ≥"
-7fs_sJG-nw,Remember the name: Alijah Arenas üèÄ | #adidaseurocamp #nbadraft #basketball,0:00:15,2023-06-11T17:23:12Z,3726,133,N/A,2,0,"addias, adida, adidas adidas, adidas basketball collection, alijah, alijah arenas, betechco, ninja kidz tv, remember the name, ÿßÿØŸäÿØÿßÿ≥"
q8dw6cnvm4I,The calm‚Ä¶ then the storm ‚ö°Ô∏èüèÄ | #adidasEurocamp #adidasbasketball #shorts #nbadraft #nba,0:00:32,2023-06-09T17:55:13Z,1839,99,N/A,4,0,"a.d.i.d.a.s, addias, addidas, adias, adida, adidas, adidas adidas, adidas basketball, ÿßÿØŸäÿØÿßÿ≥"
WCV8Y5DawZg,No crumbs left at #adidasEurocamp 2023 üçΩÔ∏èüèÄ | #adidasbasketball #shorts,0:00:30,2023-06-09T14:39:33Z,2308,80,N/A,1,0,"addias, addidas, adida, adidas, adidas adidas, adidas basketball, adidas basketball ball, adidas basketball shoes, adidas eurocamp, adidas football, west ham vs fiorentina highlights, ÿßÿØŸäÿØÿßÿ≥"
3SavAk9SrXY,Kevin Couliau: Capturing the Essence of the Basketball | adidas,0:01:58,2023-06-07T13:00:06Z,2074,66,N/A,18,0,"Kevin Couliau, a.d.i.d.a.s, adidas, adidas basketball, basketball, basketball diaries, basketball highlights, basketball photography, filming basketball, mens basketball, nba, nba finals, nba kevin couliau, photographer, sports photography, –∞–¥–∏–¥–∞—Å, ◊ê◊ì◊ô◊ì◊°, ÿßÿØŸäÿØÿßÿ≥"
3r0JyqwPpAo,Kahleah Copper: Driven by Family | adidas,0:02:04,2023-06-06T13:00:02Z,1531,63,N/A,10,0,"adidas, Kahleah Copper, kahleah copper wnba, wnba, basketball, womens basketball, adidas basketball, wnba copper, wnba kahleah, kahleah adidas, kahleah copper highlights, kahleah copper interview, kahleah, cooper, basketball highlights, basketball diaries, basketball tricks, sport stories"
kLzQDTjkyK0,Bogdan Bogdanovic Proved Them Wrong | adidas,0:07:31,2023-06-05T16:46:25Z,6562,167,N/A,14,0,"Basketball diaries, Basketball interview, Basketball player, NBA draft picks, NBA highlights, NBA stories, Prove them wrong, adidas, adidas basketball, adidas eurocamp, atlanta hawks, basketball, bogdan bogdanovic, jokic, jokiƒá, nba, nba draft, nba draft 2023, nikola jokic, nikola jokiƒá"
RbHWRys1Ax0,What is Walker Kessler's Why? | adidas,0:01:38,2023-06-05T13:00:17Z,1562,51,N/A,2,0,"adidas, adidas basketball, adidas indian cricket team, basketball, basketball walker kessler, nba, nba finals, walker kessler, walker kessler nba"
6mmUk7i6GA8,What is Jabari Smith Jr's Why? | adidas,0:01:23,2023-06-04T10:00:06Z,2053,69,N/A,7,0,"adidas, adidas basketball, nba, nba finals, jabari smith, jabari smith nba, jabari nba"
ASVXaYadceM,What is Keegan Murray's Why? | adidas,0:01:30,2023-06-03T13:00:07Z,3560,49,N/A,5,0,"adidas, adidas basketball, keegan murray, keegan nba, murray nba, nba, basketball"
iUVFGXgKbVA,adidas x Indian Cricket Team | Official Jersey Launch,0:01:19,2023-06-03T06:30:20Z,935066,48519,N/A,1958,0,"BCCI official kits, adidas, adidas cricket, bcci, bcci adidas, bcci kits, india adidas, india new jersey, indian cricket, indian cricket adidas, indian cricket kits, indian cricket team"
8inr54RSQ5A,What is Jalen Williams's Why? | adidas,0:01:12,2023-06-02T16:00:05Z,1954,59,N/A,4,0,"adidas, adidas basketball, jalen williams, nba, nba finals, jalen nba, basketball"
Rqin1perMsU,adidas Eurocamp Is Back | adidas,0:00:33,2023-06-02T15:18:32Z,2628,98,N/A,4,0,"adidas, adidas basketball, basketball, adidas eurocamp, nba, nba draft, nba draft 2023"
K1EzMaWBI6s,The Power of a Gym Buddy | adidas,0:00:37,2023-06-01T15:17:54Z,1478,71,N/A,1,0,"adidas, adidas women, gym buddy, personal trainer, workouts, working out, gym goals, gym motivation, female workout, workout plans, womens workout, adidas workout"
sgAlURy78Co,What is Nneka Ogwumike‚Äôs Why? | adidas,0:01:44,2023-06-01T13:00:44Z,3633,64,N/A,8,0,"adidas, adidas basketball, basketball, wnba, wnba player, wnba ogwumike, ogwumike, nneka, nneka ogwumike"
mnbCyhE6e-A,What is Anthony Edwards's Why? | adidas,0:01:49,2023-05-31T15:41:32Z,12651,178,N/A,19,0,"adidas, adidas basketball, anthony edwards, nba, nba finals, nba anthony edwards"
AfkBmWTuJq4,Move For The Planet | adidas,0:01:01,2023-05-23T13:47:06Z,15660,432,N/A,136,0,"adidas, planet earth, sustainability, pedri, maria sakkari, adidas sustainability, adidas donation, adidas shoes, adidas athletes, adidas film, sport film, sports"
QfK0DepIkYA,adidas x Indian Cricket Team,0:00:59,2023-05-23T07:57:07Z,363900,20051,N/A,765,0,"adidas, adidas 2023, adidas cricket, cricket, cricket highlights, cricket live, cricket 22, cricket highlights ipl, ipl, cricket india, indian cricket team, indian cricket premiere league game, adidas cricket shoes, adidas cricket kit, adidas kit, cricket news, team india, cricket world cup"
EpmbzA3LiW4,Tamari Davis on Owning Resilience | adidas,0:02:43,2023-05-16T14:46:48Z,1979,60,N/A,97,0,"adidas Runners, adidas Running, adidas, running, tamari
davis, tamari davis 2023, tamari davis 2022, tamari davis 100m, running motivation, running motivational video, lima adidas runners, track and field motivation, tamari davis"
tjPhe_gq-nM,What Is Body Neutrality with Stephanie Yeboah,0:00:18,2023-05-11T14:27:16Z,2228,100,N/A,12,0,"bodyneutrality, body neutrality, body image, body positivity, stephanie yeboah, steph yeboah, adidas, female power, adidas women"
ZASJJVmhfiU,What is Aliyah Boston's Why | adidas,0:01:34,2023-05-09T12:28:05Z,10911,220,N/A,93,0,"adidas, aliyah boston, south carolina womens basketball, march madness, adidas basketball, WNBA, Remember The Why, basketball, basketball jersey, basketball team, WNBA Draft, aliyah boston highlights, aliyah boston missed shot, aliyah boston first wnba game"
ox1kfmWJnsA,ATLANTA CITY GAMES | LIVE | adidas,4:34:11,2023-05-07T03:17:35Z,67156,1177,N/A,49,0,"greatest runners, greateast runners all time, world record running, record running, adidas running, road to records, road to records livestream, watch road to records, running marathon, marathon livestream, watch marathon, marathon live, marathon world record, world record, athletics world record, road to records 2023, adizero, adizero road to records, live race actions, race, live races, adidas, atlanta city games, atlanta, atlanta games, atlanta athletics, athletics atlanta"
qdoFEyToB04,Adizero: Road To Records 2023 | adidas Running #shorts,0:00:24,2023-05-05T16:00:41Z,4584,175,N/A,2,0,"adidas, sport, adidas sneakers, adidas shoes, adidas uk, adidas us, tennis adidas, adidas boost, road to records, road to records running, running road to records, road to records adidas, adidas running, running adidas, adidas running rtr, rtr"
BP9LgEImuUc,Road To Records 2023 Highlights | adidas,0:04:31,2023-05-05T16:00:09Z,8212,221,N/A,21,0,"road to records, road to records athletes, road to records race, rtr, road to records adidas, adidas marathon, adidas race, adidas running, running race adidas, adidas race running, adidas running marahton, marathon adidas, athletes, running athletes, running records, running world records"
znhZTv6vHk8,Heptathlon Training with Niamh Emerson | adidas,0:00:19,2023-05-05T15:30:26Z,6082,195,N/A,2,0,"adidas, sport, adidas sneakers, adidas shoes, adidas uk, adidas us, tennis adidas, adidas boost, heptathlon, athlete, Niamh Emerson, track and field, heptahlon training"
xnERiLXufjs,ADIZERO: ROAD TO RECORDS 2023 | LIVE | adidas,6:12:36,2023-04-29T11:39:02Z,72634,1095,N/A,17,0,"greatest runners, greateast runners all time, world record running, record running, adidas running, road to records, road to records running, road to records livestream, road to records live, watch road to records, running world record, running marathon, marathon livestream, watch marathon, marathon live, marathon world record, world record, athletics world record, road to records 2023, adizero, adizero road to records, live race actions, race, live races, adidas"
8ueF2quA88M,Getting Into The Mind of A Female Sneakerhead | adidas,0:00:53,2023-04-27T16:11:05Z,4285,153,N/A,6,0,"adidas, adidas sneakers, adidas shoes, female sneakerhead, women sneakers, womens shoes, best female shoes, best female sneakers, best female sneakers 2023, best womens sneakers, womens sneakers 2023, adidas samba"
qUpgc7P-mjM,How To Clean Your Sneakers | adidas,0:06:36,2023-04-27T09:17:59Z,51141,1511,N/A,235,0,"adidas, sport, adidas sneakers, adidas shoes, adidas boost, how to, how to clean sneakers, how to clean sneakers at home, how to clean trainers at home, clean sneakers at home, clean sneakers, How To clean white shoes, Wash shoes, cleaning, sneakers, sneaker cleaning, adidas campus, adidas football, adidas originals, adidas gazelle"
rQePUOhrh1U,Stay Fit During Pregnancy: adidas' Prenatal Exercise Guide,0:08:27,2023-04-24T16:32:04Z,2330,126,N/A,61,0,"Adidas, maternity, Prenatal workouts, prenatal exercises, pregnancy safe workouts, adidas training, how to squat, how to squat when pregnant, proper squat form, proper squat form when pregnant, pregnant workout, workouts to avoid while pregnant, best workouts while pregnant, 360 breathing, clamshell, bird dog, pregnant friendly workouts, pregnancy exercises, movement during pregnancy, staggered row, inclined knee pushup"
0fOjDmbe434,Sneaker Styling 101 with Tora Northman | adidas,0:00:53,2023-04-21T13:00:00Z,1846,78,N/A,0,0,"adidas, tora northman, sneaker shopping, complex originals, sneaker styling, sneaker styling tips, sneaker shopping with complex, women sneakers haul, women sneakers, women sneaker collection"
4WcENwVFOGA,THE HEART OF IT: Running Safety | adidas,0:00:41,2023-04-13T14:17:23Z,1481,61,N/A,1,0,"adidas, adidas sneakers, adidas shoes, adidas running, running, adidas sneakers 2022"
NIjaBWCA6zU,THE HEART OF IT: Trailer | adidas,0:00:37,2023-04-13T14:13:31Z,1449,70,N/A,4,0,"adidas, adidas sneakers, adidas samba"
RjqTbaLeCUs,10 Push-Up Workouts for Total Body Strength | adidas,0:05:07,2023-04-12T22:43:50Z,12116,534,N/A,84,0,"adidas, adidas training, training, push-ups proper push-up form, different types of push-ups, how to get better at push-ups, push up, push ups, workout tips, workout, body strength workout, body strength, body strengthening exercises, body workout, push ups for beginners, push ups for chest, push ups everyday"
cuAbQx1TNc4,5 Golf Workouts with Andrew Hannon | adidas,0:03:08,2023-04-12T22:10:03Z,2549,275,N/A,1,0,"golf, golf exercises"
R6ZkLucm4kM,The Incredible Journey of Peres Jepchirchir | adidas,0:11:39,2023-04-06T08:03:52Z,21060,1013,N/A,141,0,"adidas, sport, adidas sneakers, adidas shoes, adidas uk, adidas boost, Peres Jepchirchir, Half Marathon runner, running world record, running record, running peres jepchirchir, peres jepchichir, peres documentary, running, peres jepchirchir, running inspiration, running inspo, sports inspiration, inspiration, inspiration athlete, athlete inspiration, new york marathon, new york marathon winner, new york marathon records, valencia marathon, olympics, athletics, boston marathon"
KtsdZMoSHx0,Turning goals into gold medals. Watch Peres Jepchirchir's incredible journey on April 6th | adidas,0:00:22,2023-04-04T17:32:44Z,1325,72,N/A,1,0,"adidas, sport, adidas sneakers, adidas shoes, adidas uk, adidas us, tennis adidas, adidas boost, sports inspiration, peres jepchirchir, peres jepchirchir history, peres jepchirchir marathon, peres jepchirch, peres, peres marathon, boston marathon, marathon runner, best marathon runners, sports documentary, documentary, sports history, inspiring history, inspiring sports history, running inspiration, running motivation, running history"
CuHzv1ra28M,The Backbone Behind Tamari Davis‚Äô Gold Medals | adidas,0:02:43,2023-04-04T08:30:04Z,3300,282,N/A,14,0,"running, adidas running, adidas runners, run, runner, tamari davis, tamari davis run, sprint, sprinting, sprinter, track and field, track, track run, running track, gold medals, gold medal, adidasrunning, track and field highlights, Olympic aspirations, world record attempts, training and workout routines, tamari davis workout, speed and agility drills, high school performance, sprinting technique"
DZkBcYHVYCE,James Harden Talks about Designing Harden Vol. 7 |  adidas,0:02:13,2023-04-03T15:57:33Z,33098,884,N/A,52,0,"adidas, adidas basketball, Remember The Why, Impossible Is Nothing, James Harden, Harden, Harden Vol 7, Vol 7, Basketball, The Beard, Fashion, Design Language, Basketball Footwear, Design, Futuristic, Harden Volume 7, NBA, Jalal Enayah, basketball shoes, shoe design, designing, harden sneaker, sneakers, sneakerhead, sneaker design, basketball sneakers, harden sneakers, harden 7, harden vol 6, basketball shoes black country new road"
5uzQukwiLx8,Jenna Ortega Shows Her Football & Yoga Skills | adidas #shorts,0:00:59,2023-03-29T15:40:06Z,20152,865,N/A,0,0,"jenna ortega, jenna ortega interview, jenna ortega scream, jenna ortega edits, jenna ortega netflix, jenna ortega wednesday, jenna ortega funny interview, jenna ortega dance, jenna ortega movies, jenna ortega actress, jenna ortega dancing, jenna ortega watching football, jenna ortega wired, jenna ortega vogue, jenna ortega wired interview, wednesday jenna ortega, jenna ortega vanity fair, adidas, adidas sportswear, jenna ortega sportswear"
nWbny7XbkpI,The Moment vs. The Shot: James Harden Edition #adidas #basketball #jamesharden,0:00:09,2023-03-20T20:46:48Z,6503,261,N/A,5,0,
DjNpd9xAfE8,What is Chiney Ogwumike's Why? | adidas,0:01:57,2023-03-13T18:59:28Z,3739,113,N/A,32,0,"adidas, adidas basketball, WNBA, athlete, Remember The Why, basketball, International Womens Day, Womens History Month, chiney, chiney ogwumike, womens basketball, chiney ogwumike highlights"
uFfo3rGifLY,Doom scrolling your day away? #shorts,0:00:25,2023-03-11T09:00:37Z,2831,117,N/A,5,0,"adidas, sport, adidas sneakers, adidas shoes, adidas uk, adidas us, tennis adidas, adidas boost"
sGZ-r0UG8hc,The Ridiculous Run,0:00:49,2023-03-10T02:00:17Z,178853,743,N/A,164,0,"adidas, adidas running, adidas women, women running, female running, female safety, Womens safety, running, with women we run, allyship, ally, white ribbon, adidas running app, change the narrative, ridiculous, run, ridiculous run, safety, change"
oK01TyeqrR4,KnightRyders | Push For Change | adidas,0:01:39,2023-03-07T07:00:27Z,9103,1087,N/A,15,0,"adidas, sport, adidas sneakers, adidas shoes, adidas uk, adidas us, tennis adidas, adidas boost, Cycling, road cycling, cycling kit, cycling shoes, cycling jersey, cycling gilet, cycling bib
shorts, Dubai, inclusivity, diversity, change, progress"
ObKPon-4wzo,Velociposse | Push For Change | adidas,0:02:22,2023-03-07T07:00:15Z,2063,56,N/A,3,0,"adidas, sport, adidas sneakers, adidas shoes, adidas uk, adidas us, tennis adidas, adidas boost, Cycling, road cycling, cycling kit, cycling shoes, cycling jersey, cycling gilet, cycling bib
shorts, Dubai, inclusivity, diversity, change, progress"
U87n_coAylE,Gaijin | Push For Change | adidas,0:01:41,2023-03-07T07:00:07Z,3092,147,N/A,9,0,"Cycling, road cycling, cycling kit, cycling shoes, cycling jersey, cycling gilet, cycling bib
shorts, Dubai, inclusivity, diversity, change, progress"
6Qj1n3riljo,Behind the scenes with Natalie Lehmanova | adidas #Shorts,0:00:23,2023-03-03T15:00:04Z,2714,106,N/A,1,0,"adidas, sport, adidas sneakers, adidas shoes, adidas uk, adidas us, tennis adidas, adidas boost"
U46IdindM0k,Behind the scenes with Mo Salah | adidas #Shorts‚Äã,0:00:22,2023-03-02T15:00:18Z,4857,247,N/A,8,0,"adidas, sport, adidas sneakers, adidas shoes, adidas uk, adidas us, tennis adidas, adidas boost"
LP0qVgTXjXg,Running Needs Nothing But You | Natalie Lehmanova | adidas,0:00:15,2023-02-27T14:00:10Z,2690,121,N/A,3,0,"adidas, sport, adidas sneakers, adidas shoes, adidas uk, adidas us, tennis adidas, adidas boost"
uJyEItjUtZs,Mo Salah's biggest fan¬†| adidas  #shorts,0:00:16,2023-02-25T14:00:37Z,6151,285,N/A,5,0,"mo salah training, mo salah training session, salah running, salah training, salah fans, mo salah fan, biggest fan, football fans, running motivation, running training, sports motivation, motivation running, running needs nothing, running, mo salah, mo salah adidas, adidas running, adidas, adidas motivation, adidas running shoes, running shoes, running tips, impossibleisnothing"
P1zOY2wjOQQ,Running Needs Nothing But You | adidas,0:01:00,2023-02-23T18:00:09Z,1057100,3223,N/A,314,0,"Impossible is nothing, running, adidas, adidas running, social media, fitness, inspirational running, motivational runner, sport, sports, athletes, athletics, going on a run, running needs nothing but you, running with a friend, run for fun, running for yourself, enjoying your run, running training, how to run faster, running motivation"
haH0tp3h5JU,Ride Forwards Together | adidas,0:01:17,2023-02-20T15:44:13Z,5112,156,N/A,13,0,"adidas, sport, adidas sneakers, adidas shoes, adidas uk, adidas us, tennis adidas, adidas boost, Cycling, road cycling, cycling kit, cycling shoes, cycling jersey, cycling gilet, cycling bib
shorts, Dubai, inclusivity, diversity, change, progress, global cycling network, road bike"
3TAZDlpHKKQ,Patrick Mahomes | The Original Impossible | adidas,0:01:01,2023-02-12T19:55:04Z,41840,810,N/A,153,0,"adidas, sport, adidas football, adidas us football, impossible is nothing, patrick mahomes, mahomes, kansas city chiefs, superbowl, superbowl LVII, NFL, MVP, kansas city, football, super bowl, adidas commercial, adidas patrick mahomes, superbowl halftime.show 2022, super bowl lvii, nfl news, patrick mahomes jimmy kimmel"
HbuBCH28u38,Erriyon Knighton On Overcoming Adversity | adidas,0:02:17,2023-02-03T09:37:25Z,5869,1020,N/A,33,0,"inspiring story, overcoming adversity, adversity, inspiring running story, inspiring runners, inspiring athletes, athletes adversity, adidas, sport, adidas boost, Erriyon Knighton, erriyon knighton 200m, erriyon knighton 100m, world record 100m men, 200m world record, track and field, running challenges, adidas running, impossible is nothing, erryon knighton, erryion knighton, knighton, knighton running, best runner, fastest runner, fastest runner world"
eMYjBnIVb_A,How To Squat With A Bar | adidas,0:06:23,2023-02-03T09:21:19Z,5540,365,N/A,7,0,"adidas, adidas training, weight lifting, how to weight lift, how to use a barbell, how to squat, barbell squat, proper squat form, proper squat form with bar, barbell squat form, barbell squat proper form, barbell back squat, how to squat with weight bar, how to barbell squat, squat, how to barbell back squat, proper barbell back squat form, weight lifiting form, barbell weight lifting form, squat help, barbell squat help"
JA2DCRmI5GA,Full Body Strength: Warm Up Flow | adidas,0:04:33,2023-01-24T10:16:33Z,25183,208,N/A,5,0,"full body warm up flow, warm up, full body stretch, warm up workout, breathe and flow, vinyasa yoga, adidas yoga, work out, workout, yoga, yoga flow, yoga for beginners, strength training"
p7th1SMAsAY,Strength Warm Up with a Mobility Flow | adidas,0:04:52,2023-01-24T10:09:03Z,12930,89,N/A,0,0,"warm up mobility flow, mobility, mobility routine, mobility workout, mobility flow, strength warm up, strength training, yoga flow, yoga, yoga for beginners, workout, work out, adidas"
JLBaBgDwjnQ,Practice the Hip Hinge Movement Pattern | adidas,0:04:51,2023-01-24T09:36:32Z,11083,134,N/A,3,0,"hip hinge, low back pain, how to hip hinge, hip hinge exercise, Practice the Hip Hinge Movement Pattern, how to, practice, strength training, training, yoga, workout, build muscle at home, build muscle, adidas"
s1299dwBOsM,Master the Pull Movement Pattern | adidas,0:04:46,2023-01-24T09:36:16Z,27769,311,N/A,5,0,"pull ups, strength training, movement patterns, functional training, human movement patterns, adidas, functional core workout, mastering workout, strength training for runners, yoga, workout"
glGBRvlCe_8,How Steven Gardiner Brought His Country Joy | adidas,0:02:11,2023-01-12T11:38:40Z,2354,84,N/A,11,0,"adidas, adidas running, steven gardiner, steven gardiner 400m, steven gardiner training, steven gardiner 200m, world championships, world championships 2019, running 400m, running, world athletics, winning gold, win gold, gold medalist, running gold medalist, athletes stories, inspiring story, adversity, inspiring running story, inspiring runners, inspiring athletes, athletes adversity, running challenges, impossible is nothing, adidas runners, adidas athlete"
LFDhjkyuldY,How To Increase Hip Mobility | adidas,0:07:05,2022-12-30T00:07:56Z,7324,378,N/A,17,0,"adidas, adidas training, exos trainers, hip mobility, hip mobility stretches, hip mobility exercises, hip mobility movements, how to improve hip mobility, how to increase hip mobility, improve hip mobility, increase hip mobility, hip flexibility, improve hip flexibility, hip mobility routine, dynamic hip mobility exercises, hip mobility workout, hip mobility program, hip flexor mobility, mobility training, how to"
-E_62LdkCLE,What is Damian Lillard's Why? | adidas,0:05:02,2022-12-20T02:48:10Z,28318,3886,N/A,186,0,"adidas, adidas us, damian lillard, adidas basketball, remember the why, portland, trailblazers, dame dolla, dame time, adidas hoops, chapter one, chapter 1, weber st, oakland, portland trail blazers, damian lillard mix, damian lillard game winner vs thunder, damian lillard highlights, damian lillard interview, damian lillard rap, damian lillard workout, damian, lillard vs nuggets, basketball diaries, basketball highlights, basketball"
65KVj8EMJIc,15-Minute Hip Mobility Yoga Flow | adidas,0:14:53,2022-12-14T14:12:45Z,39346,636,N/A,10,0,"Yoga hip mobility, yoga for hips, hip stretches, yoga for beginners, hip mobility exercises, follow along, tight hips, yoga flow, yoga training, yoga exercises, yoga exercises for beginners, 15 minute workout, workout, adidas"
DSTWhUn09Cc,11 Minute Beginner Yoga for Balance | adidas,0:11:25,2022-12-14T14:12:40Z,33883,557,N/A,14,0,"Beginner yoga for balance, yoga for beginners, yoga at home, yoga for balance, yoga, adidas, body balance flow, body balance, body workout at home, yoga flow, yoga balance"
nsmq04gQyn0,11 Minute High Intensity Yoga Flow | adidas,0:11:26,2022-12-14T14:12:31Z,10425,128,N/A,6,0,"High intensity yoga flow, yoga workout, power yoga, yoga for strength, yoga flow, yoga for beginners, yoga at home, adidas, high intensity training, high intensity interval training, yoga flow beginner"
cmRz6Q8DOrA,Build Strength through Yoga | adidas,0:12:50,2022-12-14T14:12:24Z,7956,103,N/A,1,0,"Strength through yoga, yoga for strength, power yoga, yoga workout, yoga for beginners, yoga flow, yoga at home, adidas, build strength, build strength workout, build strength yoga, yoga challenges"
Gl1Eh61n4Ls,15- min Yoga for Beginners | adidas,0:15:48,2022-12-14T10:21:46Z,15957,214,N/A,2,0,"Starting yoga, yoga for beginners, yoga at home, beginners yoga, weight loss, beginner yoga, yoga for beginners at home, yoga for beginners flexibility, starting yoga, easy yoga, yoga with adriene, adidas"
BXSxA082-Pc,What Is Hansel Enmanuel's Why? | adidas,0:01:10,2022-12-08T00:17:55Z,11545,249,N/A,15,0,"adidas, adidas basketball, college, ncaa, NIL, REMEMBER THE WHY, HANSEL, HANSEL ENMANUEL, BASKETBALL, adidas remember the why, NCAA"
QLEk-6a0sHs,What Is Chelsea Gray's Why? | adidas,0:01:15,2022-12-06T05:30:29Z,11455,1650,N/A,17,0,"adidas, adidas us, sport, adidas sneakers, adidas shoes, adidas uk, chelsea gray, chelsea gray interview, basketball, basketball diaries, basketball interview, nba, wnba, la aces, Chelsea gray wnba, REMEMBER THE WHY, ADIDAS REMEMBER THE WHY, ADIDAS CHAPTER ONE, CHAPTER ONE BASKETBALL"
rhrwsA-O5sY,6 Eco-Friendly Gift-Wrapping Ideas | adidas,0:12:36,2022-11-28T15:05:30Z,15408,1961,N/A,48,0,"Adidas, adidas orginals, eco friendly gift wrapping, sustainable gift wrapping, eco friendly gift wrapping ideas, eco friendly gift tags, eco friendly ways to wrap gifts, upcycle a shoe box, upcycle packaging, sustainable wrapping ideas, reusable gift wrap ideas, green gift wrapping ideas, gift wrapping eco friendly, environmentally friendly ways to wrap gifts, reusable wrapping ideas, how to upcycle, how to, adidas makers lab, adidas how to, adidas gift wrapping"
WpJRjfZqjgU,A shout out to Samurai Blue from Naomi Êó•Êú¨„Å´Ê≠ìÂñú„Çí!#„Çµ„ÉÉ„Ç´„Éº#„ÉØ„Éº„É´„Éâ„Ç´„ÉÉ„Éó#Êó•Êú¨ @naomiclub5656,0:00:25,2022-11-27T09:56:58Z,13284,192,N/A,4,0,
Y3iMk4EtzLM,Japan Football Family Reunion | adidas,0:00:31,2022-11-24T07:10:14Z,10399358,4177,N/A,208,0,"#„Çµ„ÉÉ„Ç´„ÉºÊó•Êú¨‰ª£Ë°®, #daihyo, #JFA, #Êó•Êú¨‰ª£Ë°®, #Â∑ùÂè£ËÉΩÊ¥ª, #‰∏≠Êùë‰øäËºî, #DragonAsh, #YONCE, #ÂçóÈáéÊãìÂÆü, #‰πÖ‰øùÂª∫Ëã±, #ÊµÖÈáéÁê¢Á£®, #Â≤©Ê∏ïÁúüÂ•à, #Èï∑Ë∞∑Â∑ùÂîØ, #Èï∑ÈáéÈ¢®Ëä±, #È¶ôÂ∑ùÁúüÂè∏, #ÊßôÈáéÊô∫Á´†, #Ê∏°Ëæ∫Áõ¥Áæé, #adidas, #„Ç¢„Éá„Ç£„ÉÄ„Çπ"
0xacaDHv0JU,Remember The Why | adidas,0:02:58,2022-11-21T14:59:25Z,120960,3119,N/A,225,0,"adidas, sport, adidas sneakers, adidas shoes, adidas us, adidas boost, basketball, adidas basketball, adidas commercial, basketball highlights, basketball shoes, basketball edits, basketball ads, damian lillard, REMEMBER THE WHY, ADIDAS REMEMBER THE WHY, ADIDAS CHAPTER ONe, chapter one basketball"
i6O_cm6UoWo,Touring the adidas Family Boot Room #shorts | adidas,0:00:15,2022-11-21T11:14:21Z,133632,6839,N/A,36,0,"adidas, boots, soccer boots, football boots, football, soccer, messi, leo messi, hakimi, world cup, bellingham, jude bellingham, serge gnabry, gnabry, son heung-min, lionel messi, messi boots"
vcdvAFW6tlE,How Grant Holloway Builds His Goals | adidas,0:02:33,2022-11-21T09:00:34Z,819,25,N/A,3,0,"Adidas, Adidas Running, Adidas Boost, Adidas Runners, grant holloway 110m hurdles, grant holloway 60m hurdles, grant holloway 60m, grant holloway, grant holloway relay, grant, holloway, adidas running shoes, track and field, world athletics"
WkdFBgUg-UE,Meet our World Cup Housesitters üè°,0:00:20,2022-11-20T09:23:42Z,11384,399,N/A,6,0,
8HCf-pKhKJg,Inside the Epic Partnership: Jurgen Klopp x Siya Kolisi | adidas,0:02:31,2022-11-19T19:02:39Z,732598,307,N/A,13,0,"Jurgen Klopp, siya kolisi, Klopp, Kolisi, Free kick tutorial, Jurgen Klopp coaching, adidas, adidas football, south african rugby, liverpool fc, klopp liverpool, kolisi south africa rugby, learn to take free kick, free kick techniques, best free kicks, premier league, liverpool, liverpool football club, lfc, jurgen klopp interview, football, siya kolisi story, soccer"
uIWudTDdBFs,Mastering Penalties With Jurgen Klopp & Siya Kolisi | adidas,0:03:00,2022-11-19T19:02:23Z,666789,434,N/A,17,0,"Jurgen Klopp, siya kolisi, Klopp, Kolisi, Free kick tutorial, Jurgen Klopp coaching, adidas, adidas football, south african rugby, liverpool fc, klopp liverpool, kolisi south africa rugby, learn to take free kick, free kick techniques, best free kicks, premier league, liverpool, liverpool football club, lfc, jurgen klopp interview, football, siya kolisi story, soccer"
FA0s1PWo74k,Mastering The Corner Striker: Jurgen Klopp Trains Siya Kolisi | adidas,0:02:50,2022-11-19T19:02:09Z,688886,633,N/A,26,0,"Jurgen Klopp, siya kolisi, Klopp, Kolisi, Free kick tutorial, Jurgen Klopp coaching, adidas, adidas football, south african rugby, liverpool fc, klopp liverpool, kolisi south africa rugby, learn to take free kick, free kick techniques, best free kicks, premier league, liverpool, liverpool football club, lfc, jurgen klopp interview, football, siya kolisi story, soccer"
AP0PEy09zf4,Mastering Free Kicks: Jurgen Klopp Trains Siya Kolisi | adidas,0:02:31,2022-11-19T19:01:52Z,784179,867,N/A,36,0,"Jurgen Klopp, siya kolisi, Klopp, Kolisi, Free kick tutorial, Jurgen Klopp coaching, adidas, adidas football, south african rugby, liverpool fc, klopp liverpool, kolisi south africa rugby, learn to take free kick, free kick techniques, best free kicks, premier league, liverpool, liverpool football club, lfc, jurgen klopp interview, football, siya kolisi story, soccer"
XsBWfwj-Si8,How We Made The Impossible Rondo with Leo Messi | FIFA World Cup 2022 | adidas,0:02:52,2022-11-19T16:12:24Z,732296,16163,N/A,447,0,"world cup, adidas, adidas football, football, qatar 2022, leo messi, serge gnabry, karim benzema, stormzy, pedri, jude bellingham, Son Heung-min, Achraf Hakimi, bellingham, lionel messi, world cup 22, ballon d'or, world cup 2022, adidas commercial, adidas world cup, adidas world cup commercial, adidas messi, fifa world cup 2022"
dyZT3Kl7oNg,Behind the Scenes | FIFA World Cup‚Ñ¢ 2022 Family Reunion | adidas,0:02:05,2022-11-17T15:39:39Z,560865,16792,N/A,259,0,"world cup, adidas, adidas football, football, qatar 2022, leo messi, serge gnabry, karim benzema, stormzy, pedri, jude bellingham, Son Heung-min, Achraf Hakimi, bellingham, lionel messi, world cup 22, ballon d'or, world cup 2022, adidas commercial, adidas world cup, adidas world cup commercial, adidas messi, fifa world cup 2022"
Bv-3Wx2UdbI,FIFA World Cup‚Ñ¢ 2022 | Family Reunion | adidas,0:01:01,2022-11-14T08:40:07Z,2460950,64990,N/A,1817,0,"world cup, adidas, adidas football, football, qatar 2022, leo messi, serge gnabry, karim benzema, stormzy, pedri, jude bellingham, Son Heung-min, Achraf Hakimi, bellingham, lionel messi, world cup 22, ballon d'or, world cup 2022, adidas commercial, adidas world cup, adidas world cup commercial, adidas messi, fifa world cup 2022"
MTpkoSZM0OU,Ruth Carter on Designing Costumes with adidas for Marvel Studios‚Äô Black Panther: Wakanda Forever,0:02:18,2022-11-10T17:57:34Z,61268,7768,N/A,75,0,"black panther, marvel, marvel studios, wakanda, costume design, ruth carter, costume designer, wakanda forever, costumes, marvel film, adidas, adidas shoes, adidas design, film design, behind the scenes, behind the film, behind the design, fashion design, black panther costume, black panther 2, black panther wakanda forever, black panther wakanda forever trailer, black panther costumes, black panther costume designer, new black panther, adidas black panther"
XPlc8EXhmk8,What is Ajee Wilson's Winning Secret? | adidas,0:03:17,2022-11-03T09:00:29Z,892,32,N/A,2,0,"Adidas, Adidas Running, Adidas Boost, Adidas Runners, ajee wilson 800m, track and field, ajee wilson 2023, ajee wilson 1000m, ajee wilson running, running, adidas running shoes 2022"
CaRtbAsr3fQ,How To Be Resilient With Kendra Keni Harrison | adidas,0:02:23,2022-10-08T08:00:08Z,870,32,N/A,3,0,"Adidas, Adidas Running, Adidas Boost, Adidas Runners, track and field, diamond league, iaaf diamond league, kendra harrison world record, kendra harrison 2022, kendra harrison interview, kendra harrison runner"
WZq6ABEddU8,How To Do A Deadlift | adidas,0:06:54,2022-10-04T20:16:24Z,10581,535,N/A,44,0,"Adidas, adidas training, adidas workout, deadlift, Romanian deadlift, sumo deadlift, deadlift form, Romanian deadlift form, sumo deadlift form, proper deadlift form, proper Romanian proper deadlift form, proper sumo deadlift form, how to deadlift, how to do a romanian deadlift, how to sumo deadlift, correct deadlift form, correct Romanian deadlift form, correct sumo deadlift form, weightlifting, weightlifting basics, single leg deadlift, deadlifting form, adidas shoes"
kUQ-aAC--pU,5 Golf Flexibility Drills with Andrew Hannon | adidas,0:03:02,2022-10-04T19:14:14Z,6764,533,N/A,15,0,"adidas Golf, golf workouts, Andrew Hannon, golf mobility"
-Jo2kl9qlGE,How to Do a Deadlift | adidas,0:06:54,2022-09-28T14:55:14Z,4246,112,N/A,6,0,"Adidas, adidas training, adidas workout, deadlift, Romanian deadlift, sumo deadlift, deadlift form, Romanian deadlift form, sumo deadlift form, proper deadlift form, proper sumo deadlift form, how to deadlift, how to do a romanian deadlift, how to sumo deadlift, correct deadlift form, correct Romanian deadlift form, correct sumo deadlift form, weightlifting, weightlifting basics, deadlifting, single leg deadlift"
XLcd5kynuFI,The Best Volleyball Speed & Agility Drills | adidas,0:04:34,2022-09-08T17:34:29Z,21479,1037,N/A,27,0,"adidas, adidas volleyball, Kelsey Robinson, volleyball, volleyball drills, volleyball training, volleyball speed drills, volleyball agility drills, adidas training, volleyball match, volleyball world, volleyball live, volleyball girls, volleyball rules, volleyball tips, volleyball japan, volleyball training for beginners, adidas volleyball shoes, adidas volleyball knee pads, adidas volleyball shorts, adidas volleyball shoes review, adidas volleyball commercial"
XOVaMIOQAns,The Making of ‚ÄúJapan 2022 New Kit In Manga‚Äù | adidas,0:01:55,2022-08-29T08:00:10Z,473947,17050,N/A,360,0,"#ÂçóÈáéÊãìÂÆü, #‰πÖ‰øùÂª∫Ëã±, #Â≤©Ê∏ïÁúüÂ•à, #Èï∑Ë∞∑Â∑ùÂîØ, #„Çµ„ÉÉ„Ç´„ÉºÊó•Êú¨‰ª£Ë°®, #daihyo, #JFA, #Êó•Êú¨‰ª£Ë°®, #adidas, #„Ç¢„Éá„Ç£„ÉÄ„Çπ, „Éñ„É´„Éº„É≠„ÉÉ„ÇØ, #„Ç∏„É£„Ç§„Ç¢„É≥„Éà„Ç≠„É™„É≥„Ç∞, #BLUELOCK, #GIANTKILLING, #„Ç∏„É£„Ç§„Ç≠„É™"
fWzEv89SmZI,Level Up Your Fitness Game with adidas' 12-Minute HIIT Workout,0:25:14,2022-08-24T13:21:40Z,256855,1415,N/A,16,0,"emom meaning, high-intensity interval training, hiit, emom workout, home workout, full body workout, burn calories, adidas, hiit workout for fat loss, hiit workout for beginners, emom workout at home, crossfit emom, emom workouts at home, emom timer, emom song, emom music, emom crossfit, home emom workout, emom hiit workout, emom timer with music, emom dumbbell workout, dumbbell emom workout, dumbbell strength workout, full body hiit workout, hiit workout"
J5gzuAu45fo,Being Yourself - Presented By Complex China | adidas,0:15:11,2022-07-07T21:43:56Z,5122,309,N/A,4,0,"Pride, TSONG, Bazi, Rap, Hip-Hop, Ballroom, LGBTQIA+, Inclusivity, Representation, Pride Month, Visibility, coming out, inequality, adidas"
pUYqdpaekEA,Why Shaunae Miller-Uibo Believes In Herself | adidas,0:02:59,2022-06-29T15:42:56Z,1691,65,N/A,6,0,"Adidas, Adidas Running, Adidas Boost, Adidas Runners, shaunae miller-uibo, track and field, track & field, shaunae miller uibo 2022, shaunae miller, shaunae miller uibo 400m"
ECwMpDIo5EE,6 Soccer Agility Drills with Ali Krieger | adidas,0:04:44,2022-06-22T20:50:51Z,41105,1565,N/A,52,0,"soccer, soccer skills, soccer skills tutorial, soccer skills for kids, soccer skills 2022, adidas, football, footbal skills, football skills tutorial, football skills 2022, adidas football, uswnt, ali krieger, ali krieger football"
iX5rm3rn5N0,Pushing The Boundaries of Golf Shoes | adidas,0:00:30,2022-06-13T18:14:17Z,122699,1614,N/A,21,0,
K_Al2Ch-9qk,We Can Shape Sport For The Better | adidas,0:00:19,2022-06-07T16:37:28Z,4417,157,N/A,15,0,
ChKPp3OGtKQ,LGBTQIA+ Visibility In Sport With Tom Daley & Liz Ward | adidas,0:16:27,2022-06-06T19:33:51Z,9520,950,N/A,26,0,"Pride, Diving, Stonewall UK, LGBTQIA+, Inclusivity, Representation, Pride Month, Visibility, out athletes, Tom Daley, trans athletes, coming out, inequality, sports, adidas"
HQrpVXkU9KM,A Journey To A Better Future | adidas,0:01:30,2022-06-01T09:58:43Z,41810,2001,N/A,51,0,"adidas, cycling, adidas cycling, adidas cycling shoes, adidas sustainability, adidas sustainable shoes, adidas cycling jersey, cycling motivation, cycling workout, how to cycle faster, cycling motivation speech, group cycling, adidas shoes, journey, adventure"
pMtZfbMWVRg,Quick Gym Workouts For Tennis With Dave Connor | adidas,0:04:35,2022-05-10T03:25:02Z,19717,529,N/A,31,0,"adidas, adidas training, adidas tennis, tennis workouts, tennis, gym workouts, tennis training, tennis exercises, off court tennis workout, exos, workout, workouts, home workouts, gym, gym motivation, tennis 2022"
dehSS2jVifo,How to Juggle a Soccer Ball | adidas,0:02:18,2022-05-06T00:54:57Z,16576,1052,N/A,21,0,"adidas, adidas soccer, soccer, How to juggle a soccer ball, Soccer juggling, How to learn to juggle a soccer ball, soccer skills, soccer drills"
yjLCP2qNjhE,5 Soccer Goalkeeper Drills | adidas,0:04:43,2022-05-06T00:54:37Z,17382,296,N/A,12,0,"adidas, adidas soccer, adidas training, soccer, soccer drills, soccer goalie drills, goalkeeper drills, goalkeeper training drills, soccer goalie training, goalkeeper drills for beginners, soccer goalkeeper drills, solo goalkeeper drills, goalkeeper drills at home, soccer goalie tips, youth soccer goalie drills, best goalkeeper drills, soccer goalie training videos, soccer goalie practice, goalkeeper training drills for beginners, individual goalkeeper drills"
sVQ0wbg84dg,12 Hiking Essentials to Bring on a Day Hike | adidas,0:04:53,2022-05-06T00:53:59Z,8930,696,N/A,324,0,"hiking, hiking essentials, hiking gear, hiking shoes, hiking boots, hiking tips, adidas, adidas terrex, hiking bag, hiking bag essentials, must have hiking gear"
GBeFQnRE9Bg,How to Shoot a Soccer Ball | adidas,0:04:11,2022-05-06T00:53:22Z,13787,418,N/A,23,0,"How to shoot a soccer ball, How to get better at shooting in soccer, How to shoot soccer ball with power, How to improve shooting accuracy in soccer, soccer, adidas, adidas soccer, adidas womens soccer, womens soccer"
k4KXVIsDoGY,2022 Adizero: Road To Records | LIVE | Adidas Running,6:05:48,2022-04-30T11:15:15Z,63539,878,N/A,32,0,"adidas, running, adidasrunning, adizero"
N-trL4Nuwag,How Do You Style An adidas Tracksuit?,0:03:46,2022-04-23T00:45:54Z,10698,428,N/A,12,0,"adidas, adidas style, adidas tracksuit, adidas styling, tracksuit styling, how to style, how to style a tracksuit, tracksuit, adidas originals, adidas tracksuit women, adidas tracksuit price, adidas tracksuit review"
8fkTVpA347w,Static Cooldown Stretches | adidas,0:05:26,2022-04-11T09:15:43Z,18387,334,N/A,7,0,"Static cool down exercises, stretching, post workout, post workout cool down, after run stretch, stretching after running, how to stretch after run, injury prevention, static cool down exerciese, cool down, stretching exercises, stretching after workout, post workout stretches, adidas"
rrImTQmO31E,Basketball Speed and Agility Drills | adidas,0:04:02,2022-04-08T21:12:55Z,7150,229,N/A,14,0,"adidas, adidas basketball, womens basketball, adidas womens basketball, adidas womens, training, basketball training, basketball agility drills, basketball speed drills, basketball speed and agility drills, how to improve speed in basketball"
eEu9CAkKizM,How To Dribble A Soccer Ball | adidas,0:03:07,2022-04-08T21:11:53Z,13536,1855,N/A,20,0,"adidas, adidas soccer, adidas womens soccer, womens soccer, soccer how to, how to dribble, how to dribble a soccer ball, soccer ball dribbling
Soccer dribble, how to dribble in soccer"
UP7O6sW9ymk,How To Curve a Soccer Ball | adidas,0:02:16,2022-04-08T21:10:55Z,8438,180,N/A,13,0,"adidas, adidas soccer, adidas womens soccer, womens soccer, soccer how to, how to bend a soccer ball, How to curve a soccer ball, soccer ball bending, soccer ball curving, soccer ball skills"
huSX0LFkcyA,How to Warm Up Before a Workout | adidas,0:04:20,2022-04-08T21:08:24Z,12479,394,N/A,17,0,"adidas, adidas training, training, warm up, workout, how to warm up, workout warm up, adidas warm up, gym warm up, warm up exercises before work out, how to warm up for a workout, warm up routine, quick warm up, warm up exercises, warm up before running, warm up exercise, warm up workout, warm up cardio, at home warm up stretches, 5 min warm up routine, warm up routine before workout, warm up exercise before workout, good warm up"
ggWGy7aQ1oM,We Are Better Together In Zagreb | adidas,0:11:16,2021-12-09T11:04:48Z,2578,84,N/A,3,0,
fTfe8c3L32U,Off Ice Hockey Workouts | adidas,0:04:12,2021-12-08T23:42:07Z,11619,492,N/A,8,0,"adidas, adidas hockey, hockey, hockey workouts, hockey workouts off the ice, Hockey player workout, training, hockey training, hockey player workouts, Erik Rasmussen, Brock Boeser"
EGq2K4QQPFI,8 Minute Cardio and Core Workout | adidas,0:07:42,2021-11-27T14:00:04Z,14076,391,N/A,7,0,"adidas Runtastic, fitness app, workout, training, transformation, workout motivation, training motivation, workout tips, exercise tips, wokrout video, fitness video, work out, adidas, cardio, cardio core, cardio core workout"
hsdeYyI5Utg,The Network Effect of Running In London | adidas,0:08:04,2021-11-05T16:10:42Z,2427,71,N/A,5,0,
tGzr7ArpY9Y,How to Jump Serve in Volleyball | adidas,0:04:44,2021-10-22T15:31:16Z,15958,397,N/A,11,0,"volleyball jump serve, how to jump serve, how to jump serve in volleyball, adidas, adidas volleyball, adidas training, volleyball tips, volleyball skills"
pDNJQPjlZWI,Hope In Running In Cape Town | adidas,0:15:36,2021-10-05T15:56:34Z,5641,169,N/A,5,0,
9SMDmCE58uI,Guided Meditation for Runners with Timothy Olson | adidas,0:16:57,2021-10-05T09:00:06Z,6591,154,N/A,5,0,"guided meditation for runners, meditation, Timothy Olson, meditation for anxiety, meditation for beginners, pre running meditation, meditation for runners, running meditation, meditation for positive energy, sports meditation, meditation for athletes, adidas meditation, adidas, guided meditation"
Y3uK06zHmVU,Breathing Techniques For Running | adidas,0:02:56,2021-09-30T02:01:01Z,15391,365,N/A,8,0,"adidas, running, breathing running, breathing techniques for running, running tips, adidas running, breathing running tips, breathing running technique"
AJsZN6Ayja8,Dryland Workouts for Swimmers | adidas,0:04:24,2021-09-28T20:19:31Z,5932,47,N/A,3,0,"adidas, adidasswimming, drylandworkoutsforswimmers, coreworkoutsforswimmers, workoutsforswimmers, swimming, swimmingworkouts, swimming exercises, exos"
UU7ZqeUFuKE,5 Basketball Shooting Drills with Erica Wheeler | adidas,0:03:32,2021-09-20T21:17:19Z,8128,91,N/A,5,0,"basketball shooting drills, basketball ball shooting drills, how to improve ball shooting skills, basketball drills to improve shooting, basketball, adidas, adidas basketball, WNBA, basketball drills, erica wheeler"
RpqcCByY5N4,Adizero: Road To Records | adidas,5:41:44,2021-09-16T20:50:44Z,13372,173,N/A,13,0,
43G0utO0sdg,How to Swing a Tennis Racket | adidas,0:02:54,2021-09-02T20:11:13Z,23706,511,N/A,43,0,"Howtoswingatennisracket, propertennisswing, correcttennisswing, tennisracketgrip, tennisforbeginners, tennistips, katrinascott, adidastennis, tennis"
eLfEav0iCCM,What Keeps The Tinman Elite Team Running? | adidas,0:11:22,2021-08-24T15:06:38Z,20554,663,N/A,21,0,"tinman elite, adidas running, drew hunter, adidas, running, elite, elite running, running teams, outdoor running"
r_-xZlxDj0U,Why Do Athletes Take Ice Baths? | adidas,0:00:51,2021-07-20T17:55:52Z,16441,1123,N/A,9,0,
ZbuU0_Siul4,15 Minute Yoga Recovery Workout | adidas,0:15:22,2021-06-24T14:00:10Z,9481,268,N/A,3,0,"adidas Runtastic, fitness tips, workout motivation, training motivation, workout tips, exercise tips, fitness video, work out, yoga workout, yoga for flexibility, yoga stretch, yoga recovery, adidas, workout video, 15 minute workout"
XCTYwFKHsOA,15 Min Booty Workout | adidas,0:17:16,2021-01-05T14:30:05Z,61320,870,N/A,11,0,"booty workout for women, booty workout at home, booty workout with bands, tone legs and glutes, legs workout, glutes workout, glutes, legs and glutes workout, workout, adidas, weight loss exercises at home"
bVRwzyELK5w,10 Exercises to Improve Your Jump with Pro Trainer Paul Fabritz | adidas,0:03:29,2020-12-11T10:26:32Z,104478,4383,N/A,153,0,
CU32vUJfoAY,7 Exercises For At-Home Basketball Workout | adidas,0:02:47,2020-12-11T10:25:51Z,46030,1493,N/A,38,0,"baseball, basketball training, basketball drills, basketball workout, baseball workout at, baseball workout at home, pro training at home, adidas"
hLKh7DXOiHk,15 Minute Lower Body Resistance Bands Workout | adidas,0:15:08,2020-11-12T15:30:06Z,1076635,20257,N/A,175,0,"adidas Runtastic, weight loss, health tips, fitness tips, transformation, workout motivation, training motivation, workout tips, exercise tips, wokrout video, fitness video, work out, resistance bands, workout with bands, lower body workout, booty band workout, resistance band workout, adidas"
BSyuWMnsmJ0,Total 5 Min Body Cardio Workout | adidas,0:05:33,2020-10-15T13:30:11Z,8112,256,N/A,11,0,"Total body cardio workout at home, cardio workout, home workout, cardio training, cardio workout at home, training cardio at home, cardio home training, home cardio workout, how to do cardio training, fat burning cardio workout, fat burning workout, tabata workout, tabata cardio, tabata cardio workout, tabata cardio workout at home, tabata cardio hiit workout, tabata training, total body workout, total body cardio workout, total body tabata, adidas training, runtastic, adidas"
